n,sheets_transacted,proportion
1,2864250,21.6%
5,5983075,45.2%
10,7716069.5,58.3%
20,9245732.5,69.9%
50,11448606.833333334,86.5%
233,13234348.333333334,100.0%
